{"cameraMode":{"drawMode":0,"name":"Shaded","section":"Shading Mode"},"sceneLighting":true,"audioPlay":false,"sceneViewState":{"m_AlwaysRefresh":false,"showFog":true,"showSkybox":true,"showFlares":true,"showImageEffects":true,"showParticleSystems":true,"showVisualEffectGraphs":true,"m_FxEnabled":true},"in2DMode":false,"pivot":{"x":0.43512916564941409,"y":-1.8190288543701172,"z":31.27101707458496},"rotation":{"x":-0.20329585671424867,"y":0.7317585945129395,"z":-0.24722442030906678,"w":-0.6017334461212158},"size":11.015955924987793,"orthographic":false}